1000	*
1000000	Bare Fists
1090000	*
2000000	Chikage
2000100	Chikage +1
2000200	Chikage +2
2000300	Chikage +3
2000400	Chikage +4
2000500	Chikage +5
2000600	Chikage +6
2000700	Chikage +7
2000800	Chikage +8
2000900	Chikage +9
2001000	Chikage +10
2010000	Uncanny Chikage
2010100	Uncanny Chikage +1
2010200	Uncanny Chikage +2
2010300	Uncanny Chikage +3
2010400	Uncanny Chikage +4
2010500	Uncanny Chikage +5
2010600	Uncanny Chikage +6
2010700	Uncanny Chikage +7
2010800	Uncanny Chikage +8
2010900	Uncanny Chikage +9
2011000	Uncanny Chikage +10
2020000	Lost Chikage
2020100	Lost Chikage +1
2020200	Lost Chikage +2
2020300	Lost Chikage +3
2020400	Lost Chikage +4
2020500	Lost Chikage +5
2020600	Lost Chikage +6
2020700	Lost Chikage +7
2020800	Lost Chikage +8
2020900	Lost Chikage +9
2021000	Lost Chikage +10
2030000	*
2030100	*
2030200	*
2030300	*
2030400	*
2030500	*
2030600	*
2030700	*
2030800	*
2030900	*
2031000	*
2090000	*
4000000	Blade of Mercy
4000100	Blade of Mercy +1
4000200	Blade of Mercy +2
4000300	Blade of Mercy +3
4000400	Blade of Mercy +4
4000500	Blade of Mercy +5
4000600	Blade of Mercy +6
4000700	Blade of Mercy +7
4000800	Blade of Mercy +8
4000900	Blade of Mercy +9
4001000	Blade of Mercy +10
4010000	Uncanny Blade of Mercy
4010100	Uncanny Blade of Mercy +1
4010200	Uncanny Blade of Mercy +2
4010300	Uncanny Blade of Mercy +3
4010400	Uncanny Blade of Mercy +4
4010500	Uncanny Blade of Mercy +5
4010600	Uncanny Blade of Mercy +6
4010700	Uncanny Blade of Mercy +7
4010800	Uncanny Blade of Mercy +8
4010900	Uncanny Blade of Mercy +9
4011000	Uncanny Blade of Mercy +10
4020000	Lost Blade of Mercy
4020100	Lost Blade of Mercy +1
4020200	Lost Blade of Mercy +2
4020300	Lost Blade of Mercy +3
4020400	Lost Blade of Mercy +4
4020500	Lost Blade of Mercy +5
4020600	Lost Blade of Mercy +6
4020700	Lost Blade of Mercy +7
4020800	Lost Blade of Mercy +8
4020900	Lost Blade of Mercy +9
4021000	Lost Blade of Mercy +10
4030000	*
4030100	*
4030200	*
4030300	*
4030400	*
4030500	*
4030600	*
4030700	*
4030800	*
4030900	*
4031000	*
4090000	*
4090100	*
5000000	Hunter Axe
5000100	Hunter Axe +1
5000200	Hunter Axe +2
5000300	Hunter Axe +3
5000400	Hunter Axe +4
5000500	Hunter Axe +5
5000600	Hunter Axe +6
5000700	Hunter Axe +7
5000800	Hunter Axe +8
5000900	Hunter Axe +9
5001000	Hunter Axe +10
5010000	Uncanny Hunter Axe
5010100	Uncanny Hunter Axe +1
5010200	Uncanny Hunter Axe +2
5010300	Uncanny Hunter Axe +3
5010400	Uncanny Hunter Axe +4
5010500	Uncanny Hunter Axe +5
5010600	Uncanny Hunter Axe +6
5010700	Uncanny Hunter Axe +7
5010800	Uncanny Hunter Axe +8
5010900	Uncanny Hunter Axe +9
5011000	Uncanny Hunter Axe +10
5020000	Lost Hunter Axe
5020100	Lost Hunter Axe +1
5020200	Lost Hunter Axe +2
5020300	Lost Hunter Axe +3
5020400	Lost Hunter Axe +4
5020500	Lost Hunter Axe +5
5020600	Lost Hunter Axe +6
5020700	Lost Hunter Axe +7
5020800	Lost Hunter Axe +8
5020900	Lost Hunter Axe +9
5021000	Lost Hunter Axe +10
5030000	*
5030100	*
5030200	*
5030300	*
5030400	*
5030500	*
5030600	*
5030700	*
5030800	*
5030900	*
5031000	*
5090000	*
5090100	*
5100000	Burial Blade
5100100	Burial Blade +1
5100200	Burial Blade +2
5100300	Burial Blade +3
5100400	Burial Blade +4
5100500	Burial Blade +5
5100600	Burial Blade +6
5100700	Burial Blade +7
5100800	Burial Blade +8
5100900	Burial Blade +9
5101000	Burial Blade +10
5110000	Uncanny Burial Blade
5110100	Uncanny Burial Blade +1
5110200	Uncanny Burial Blade +2
5110300	Uncanny Burial Blade +3
5110400	Uncanny Burial Blade +4
5110500	Uncanny Burial Blade +5
5110600	Uncanny Burial Blade +6
5110700	Uncanny Burial Blade +7
5110800	Uncanny Burial Blade +8
5110900	Uncanny Burial Blade +9
5111000	Uncanny Burial Blade +10
5120000	Lost Burial Blade
5120100	Lost Burial Blade +1
5120200	Lost Burial Blade +2
5120300	Lost Burial Blade +3
5120400	Lost Burial Blade +4
5120500	Lost Burial Blade +5
5120600	Lost Burial Blade +6
5120700	Lost Burial Blade +7
5120800	Lost Burial Blade +8
5120900	Lost Burial Blade +9
5121000	Lost Burial Blade +10
5130000	*
5130100	*
5130200	*
5130300	*
5130400	*
5130500	*
5130600	*
5130700	*
5130800	*
5130900	*
5131000	*
5190000	*
6000000	Hunter Blunderbuss
6000100	Hunter Blunderbuss +1
6000200	Hunter Blunderbuss +2
6000300	Hunter Blunderbuss +3
6000400	Hunter Blunderbuss +4
6000500	Hunter Blunderbuss +5
6000600	Hunter Blunderbuss +6
6000700	Hunter Blunderbuss +7
6000800	Hunter Blunderbuss +8
6000900	Hunter Blunderbuss +9
6001000	Hunter Blunderbuss +10
6090000	*
6090100	*
6100000	Ludwig's Rifle
6100100	Ludwig's Rifle +1
6100200	Ludwig's Rifle +2
6100300	Ludwig's Rifle +3
6100400	Ludwig's Rifle +4
6100500	Ludwig's Rifle +5
6100600	Ludwig's Rifle +6
6100700	Ludwig's Rifle +7
6100800	Ludwig's Rifle +8
6100900	Ludwig's Rifle +9
6101000	Ludwig's Rifle +10
6190000	*
7000000	Saw Cleaver
7000100	Saw Cleaver +1
7000200	Saw Cleaver +2
7000300	Saw Cleaver +3
7000400	Saw Cleaver +4
7000500	Saw Cleaver +5
7000600	Saw Cleaver +6
7000700	Saw Cleaver +7
7000800	Saw Cleaver +8
7000900	Saw Cleaver +9
7001000	Saw Cleaver +10
7010000	Uncanny Saw Cleaver
7010100	Uncanny Saw Cleaver +1
7010200	Uncanny Saw Cleaver +2
7010300	Uncanny Saw Cleaver +3
7010400	Uncanny Saw Cleaver +4
7010500	Uncanny Saw Cleaver +5
7010600	Uncanny Saw Cleaver +6
7010700	Uncanny Saw Cleaver +7
7010800	Uncanny Saw Cleaver +8
7010900	Uncanny Saw Cleaver +9
7011000	Uncanny Saw Cleaver +10
7020000	Lost Saw Cleaver
7020100	Lost Saw Cleaver +1
7020200	Lost Saw Cleaver +2
7020300	Lost Saw Cleaver +3
7020400	Lost Saw Cleaver +4
7020500	Lost Saw Cleaver +5
7020600	Lost Saw Cleaver +6
7020700	Lost Saw Cleaver +7
7020800	Lost Saw Cleaver +8
7020900	Lost Saw Cleaver +9
7021000	Lost Saw Cleaver +10
7030000	*
7030100	*
7030200	*
7030300	*
7030400	*
7030500	*
7030600	*
7030700	*
7030800	*
7030900	*
7031000	*
7090000	*
7090100	*
7100000	Saw Spear
7100100	Saw Spear +1
7100200	Saw Spear +2
7100300	Saw Spear +3
7100400	Saw Spear +4
7100500	Saw Spear +5
7100600	Saw Spear +6
7100700	Saw Spear +7
7100800	Saw Spear +8
7100900	Saw Spear +9
7101000	Saw Spear +10
7110000	Uncanny Saw Spear
7110100	Uncanny Saw Spear +1
7110200	Uncanny Saw Spear +2
7110300	Uncanny Saw Spear +3
7110400	Uncanny Saw Spear +4
7110500	Uncanny Saw Spear +5
7110600	Uncanny Saw Spear +6
7110700	Uncanny Saw Spear +7
7110800	Uncanny Saw Spear +8
7110900	Uncanny Saw Spear +9
7111000	Uncanny Saw Spear +10
7120000	Lost Saw Spear
7120100	Lost Saw Spear +1
7120200	Lost Saw Spear +2
7120300	Lost Saw Spear +3
7120400	Lost Saw Spear +4
7120500	Lost Saw Spear +5
7120600	Lost Saw Spear +6
7120700	Lost Saw Spear +7
7120800	Lost Saw Spear +8
7120900	Lost Saw Spear +9
7121000	Lost Saw Spear +10
7130000	*
7130100	*
7130200	*
7130300	*
7130400	*
7130500	*
7130600	*
7130700	*
7130800	*
7130900	*
7131000	*
7190000	*
8000000	Kirkhammer
8000100	Kirkhammer +1
8000200	Kirkhammer +2
8000300	Kirkhammer +3
8000400	Kirkhammer +4
8000500	Kirkhammer +5
8000600	Kirkhammer +6
8000700	Kirkhammer +7
8000800	Kirkhammer +8
8000900	Kirkhammer +9
8001000	Kirkhammer +10
8010000	Uncanny Kirkhammer
8010100	Uncanny Kirkhammer +1
8010200	Uncanny Kirkhammer +2
8010300	Uncanny Kirkhammer +3
8010400	Uncanny Kirkhammer +4
8010500	Uncanny Kirkhammer +5
8010600	Uncanny Kirkhammer +6
8010700	Uncanny Kirkhammer +7
8010800	Uncanny Kirkhammer +8
8010900	Uncanny Kirkhammer +9
8011000	Uncanny Kirkhammer +10
8020000	Lost Kirkhammer
8020100	Lost Kirkhammer +1
8020200	Lost Kirkhammer +2
8020300	Lost Kirkhammer +3
8020400	Lost Kirkhammer +4
8020500	Lost Kirkhammer +5
8020600	Lost Kirkhammer +6
8020700	Lost Kirkhammer +7
8020800	Lost Kirkhammer +8
8020900	Lost Kirkhammer +9
8021000	Lost Kirkhammer +10
8030000	*
8030100	*
8030200	*
8030300	*
8030400	*
8030500	*
8030600	*
8030700	*
8030800	*
8030900	*
8031000	*
8090000	*
8090100	*
8100000	Ludwig's Holy Blade
8100100	Ludwig's Holy Blade +1
8100200	Ludwig's Holy Blade +2
8100300	Ludwig's Holy Blade +3
8100400	Ludwig's Holy Blade +4
8100500	Ludwig's Holy Blade +5
8100600	Ludwig's Holy Blade +6
8100700	Ludwig's Holy Blade +7
8100800	Ludwig's Holy Blade +8
8100900	Ludwig's Holy Blade +9
8101000	Ludwig's Holy Blade +10
8110000	Ludwig's Uncanny Holy Blade
8110100	Ludwig's Uncanny Holy Blade +1
8110200	Ludwig's Uncanny Holy Blade +2
8110300	Ludwig's Uncanny Holy Blade +3
8110400	Ludwig's Uncanny Holy Blade +4
8110500	Ludwig's Uncanny Holy Blade +5
8110600	Ludwig's Uncanny Holy Blade +6
8110700	Ludwig's Uncanny Holy Blade +7
8110800	Ludwig's Uncanny Holy Blade +8
8110900	Ludwig's Uncanny Holy Blade +9
8111000	Ludwig's Uncanny Holy Blade +10
8120000	Ludwig's Lost Holy Blade
8120100	Ludwig's Lost Holy Blade +1
8120200	Ludwig's Lost Holy Blade +2
8120300	Ludwig's Lost Holy Blade +3
8120400	Ludwig's Lost Holy Blade +4
8120500	Ludwig's Lost Holy Blade +5
8120600	Ludwig's Lost Holy Blade +6
8120700	Ludwig's Lost Holy Blade +7
8120800	Ludwig's Lost Holy Blade +8
8120900	Ludwig's Lost Holy Blade +9
8121000	Ludwig's Lost Holy Blade +10
8130000	*
8130100	*
8130200	*
8130300	*
8130400	*
8130500	*
8130600	*
8130700	*
8130800	*
8130900	*
8131000	*
8190000	*
9000000	Beast Claw
9000100	Beast Claw +1
9000200	Beast Claw +2
9000300	Beast Claw +3
9000400	Beast Claw +4
9000500	Beast Claw +5
9000600	Beast Claw +6
9000700	Beast Claw +7
9000800	Beast Claw +8
9000900	Beast Claw +9
9001000	Beast Claw +10
9010000	Uncanny Beast Claw
9010100	Uncanny Beast Claw +1
9010200	Uncanny Beast Claw +2
9010300	Uncanny Beast Claw +3
9010400	Uncanny Beast Claw +4
9010500	Uncanny Beast Claw +5
9010600	Uncanny Beast Claw +6
9010700	Uncanny Beast Claw +7
9010800	Uncanny Beast Claw +8
9010900	Uncanny Beast Claw +9
9011000	Uncanny Beast Claw +10
9020000	Lost Beast Claw
9020100	Lost Beast Claw +1
9020200	Lost Beast Claw +2
9020300	Lost Beast Claw +3
9020400	Lost Beast Claw +4
9020500	Lost Beast Claw +5
9020600	Lost Beast Claw +6
9020700	Lost Beast Claw +7
9020800	Lost Beast Claw +8
9020900	Lost Beast Claw +9
9021000	Lost Beast Claw +10
9030000	*
9030100	*
9030200	*
9030300	*
9030400	*
9030500	*
9030600	*
9030700	*
9030800	*
9030900	*
9031000	*
9090000	*
10000000	Rifle Spear
10000100	Rifle Spear +1
10000200	Rifle Spear +2
10000300	Rifle Spear +3
10000400	Rifle Spear +4
10000500	Rifle Spear +5
10000600	Rifle Spear +6
10000700	Rifle Spear +7
10000800	Rifle Spear +8
10000900	Rifle Spear +9
10001000	Rifle Spear +10
10010000	Uncanny Rifle Spear
10010100	Uncanny Rifle Spear +1
10010200	Uncanny Rifle Spear +2
10010300	Uncanny Rifle Spear +3
10010400	Uncanny Rifle Spear +4
10010500	Uncanny Rifle Spear +5
10010600	Uncanny Rifle Spear +6
10010700	Uncanny Rifle Spear +7
10010800	Uncanny Rifle Spear +8
10010900	Uncanny Rifle Spear +9
10011000	Uncanny Rifle Spear +10
10020000	Lost Rifle Spear
10020100	Lost Rifle Spear +1
10020200	Lost Rifle Spear +2
10020300	Lost Rifle Spear +3
10020400	Lost Rifle Spear +4
10020500	Lost Rifle Spear +5
10020600	Lost Rifle Spear +6
10020700	Lost Rifle Spear +7
10020800	Lost Rifle Spear +8
10020900	Lost Rifle Spear +9
10021000	Lost Rifle Spear +10
10030000	*
10030100	*
10030200	*
10030300	*
10030400	*
10030500	*
10030600	*
10030700	*
10030800	*
10030900	*
10031000	*
10090000	*
10100000	Reiterpallasch
10100100	Reiterpallasch +1
10100200	Reiterpallasch +2
10100300	Reiterpallasch +3
10100400	Reiterpallasch +4
10100500	Reiterpallasch +5
10100600	Reiterpallasch +6
10100700	Reiterpallasch +7
10100800	Reiterpallasch +8
10100900	Reiterpallasch +9
10101000	Reiterpallasch +10
10110000	Uncanny Reiterpallasch
10110100	Uncanny Reiterpallasch +1
10110200	Uncanny Reiterpallasch +2
10110300	Uncanny Reiterpallasch +3
10110400	Uncanny Reiterpallasch +4
10110500	Uncanny Reiterpallasch +5
10110600	Uncanny Reiterpallasch +6
10110700	Uncanny Reiterpallasch +7
10110800	Uncanny Reiterpallasch +8
10110900	Uncanny Reiterpallasch +9
10111000	Uncanny Reiterpallasch +10
10120000	Lost Reiterpallasch
10120100	Lost Reiterpallasch +1
10120200	Lost Reiterpallasch +2
10120300	Lost Reiterpallasch +3
10120400	Lost Reiterpallasch +4
10120500	Lost Reiterpallasch +5
10120600	Lost Reiterpallasch +6
10120700	Lost Reiterpallasch +7
10120800	Lost Reiterpallasch +8
10120900	Lost Reiterpallasch +9
10121000	Lost Reiterpallasch +10
10130000	*
10130100	*
10130200	*
10130300	*
10130400	*
10130500	*
10130600	*
10130700	*
10130800	*
10130900	*
10131000	*
10190000	*
11000000	Stake Driver
11000100	Stake Driver +1
11000200	Stake Driver +2
11000300	Stake Driver +3
11000400	Stake Driver +4
11000500	Stake Driver +5
11000600	Stake Driver +6
11000700	Stake Driver +7
11000800	Stake Driver +8
11000900	Stake Driver +9
11001000	Stake Driver +10
11010000	Uncanny Stake Driver
11010100	Uncanny Stake Driver +1
11010200	Uncanny Stake Driver +2
11010300	Uncanny Stake Driver +3
11010400	Uncanny Stake Driver +4
11010500	Uncanny Stake Driver +5
11010600	Uncanny Stake Driver +6
11010700	Uncanny Stake Driver +7
11010800	Uncanny Stake Driver +8
11010900	Uncanny Stake Driver +9
11011000	Uncanny Stake Driver +10
11020000	Lost Stake Driver
11020100	Lost Stake Driver +1
11020200	Lost Stake Driver +2
11020300	Lost Stake Driver +3
11020400	Lost Stake Driver +4
11020500	Lost Stake Driver +5
11020600	Lost Stake Driver +6
11020700	Lost Stake Driver +7
11020800	Lost Stake Driver +8
11020900	Lost Stake Driver +9
11021000	Lost Stake Driver +10
11030000	*
11030100	*
11030200	*
11030300	*
11030400	*
11030500	*
11030600	*
11030700	*
11030800	*
11030900	*
11031000	*
11090000	*
12000000	Logarius' Wheel
12000100	Logarius' Wheel +1
12000200	Logarius' Wheel +2
12000300	Logarius' Wheel +3
12000400	Logarius' Wheel +4
12000500	Logarius' Wheel +5
12000600	Logarius' Wheel +6
12000700	Logarius' Wheel +7
12000800	Logarius' Wheel +8
12000900	Logarius' Wheel +9
12001000	Logarius' Wheel +10
12010000	Logarius' Uncanny Wheel
12010100	Logarius' Uncanny Wheel +1
12010200	Logarius' Uncanny Wheel +2
12010300	Logarius' Uncanny Wheel +3
12010400	Logarius' Uncanny Wheel +4
12010500	Logarius' Uncanny Wheel +5
12010600	Logarius' Uncanny Wheel +6
12010700	Logarius' Uncanny Wheel +7
12010800	Logarius' Uncanny Wheel +8
12010900	Logarius' Uncanny Wheel +9
12011000	Logarius' Uncanny Wheel +10
12020000	Logarius' Lost Wheel
12020100	Logarius' Lost Wheel +1
12020200	Logarius' Lost Wheel +2
12020300	Logarius' Lost Wheel +3
12020400	Logarius' Lost Wheel +4
12020500	Logarius' Lost Wheel +5
12020600	Logarius' Lost Wheel +6
12020700	Logarius' Lost Wheel +7
12020800	Logarius' Lost Wheel +8
12020900	Logarius' Lost Wheel +9
12021000	Logarius' Lost Wheel +10
12030000	*
12030100	*
12030200	*
12030300	*
12030400	*
12030500	*
12030600	*
12030700	*
12030800	*
12030900	*
12031000	*
12080000	*
12080100	*
12080200	*
12080300	*
12080400	*
12080500	*
12080600	*
12080700	*
12080800	*
12080900	*
12081000	*
12090000	*
13000000	Tonitrus
13000100	Tonitrus +1
13000200	Tonitrus +2
13000300	Tonitrus +3
13000400	Tonitrus +4
13000500	Tonitrus +5
13000600	Tonitrus +6
13000700	Tonitrus +7
13000800	Tonitrus +8
13000900	Tonitrus +9
13001000	Tonitrus +10
13010000	Uncanny Tonitrus
13010100	Uncanny Tonitrus +1
13010200	Uncanny Tonitrus +2
13010300	Uncanny Tonitrus +3
13010400	Uncanny Tonitrus +4
13010500	Uncanny Tonitrus +5
13010600	Uncanny Tonitrus +6
13010700	Uncanny Tonitrus +7
13010800	Uncanny Tonitrus +8
13010900	Uncanny Tonitrus +9
13011000	Uncanny Tonitrus +10
13020000	Lost Tonitrus
13020100	Lost Tonitrus +1
13020200	Lost Tonitrus +2
13020300	Lost Tonitrus +3
13020400	Lost Tonitrus +4
13020500	Lost Tonitrus +5
13020600	Lost Tonitrus +6
13020700	Lost Tonitrus +7
13020800	Lost Tonitrus +8
13020900	Lost Tonitrus +9
13021000	Lost Tonitrus +10
13030000	*
13030100	*
13030200	*
13030300	*
13030400	*
13030500	*
13030600	*
13030700	*
13030800	*
13030900	*
13031000	*
13090000	*
14000000	Hunter Pistol
14000100	Hunter Pistol +1
14000200	Hunter Pistol +2
14000300	Hunter Pistol +3
14000400	Hunter Pistol +4
14000500	Hunter Pistol +5
14000600	Hunter Pistol +6
14000700	Hunter Pistol +7
14000800	Hunter Pistol +8
14000900	Hunter Pistol +9
14001000	Hunter Pistol +10
14090000	*
14090100	*
14100000	Evelyn
14100100	Evelyn +1
14100200	Evelyn +2
14100300	Evelyn +3
14100400	Evelyn +4
14100500	Evelyn +5
14100600	Evelyn +6
14100700	Evelyn +7
14100800	Evelyn +8
14100900	Evelyn +9
14101000	Evelyn +10
14190000	*
14200000	Repeating Pistol
14200100	Repeating Pistol +1
14200200	Repeating Pistol +2
14200300	Repeating Pistol +3
14200400	Repeating Pistol +4
14200500	Repeating Pistol +5
14200600	Repeating Pistol +6
14200700	Repeating Pistol +7
14200800	Repeating Pistol +8
14200900	Repeating Pistol +9
14201000	Repeating Pistol +10
14290000	*
15000000	Cannon
15000100	Cannon +1
15000200	Cannon +2
15000300	Cannon +3
15000400	Cannon +4
15000500	Cannon +5
15000600	Cannon +6
15000700	Cannon +7
15000800	Cannon +8
15000900	Cannon +9
15001000	Cannon +10
15090000	*
18000000	Rosmarinus
18000100	Rosmarinus +1
18000200	Rosmarinus +2
18000300	Rosmarinus +3
18000400	Rosmarinus +4
18000500	Rosmarinus +5
18000600	Rosmarinus +6
18000700	Rosmarinus +7
18000800	Rosmarinus +8
18000900	Rosmarinus +9
18001000	Rosmarinus +10
18090000	*
18100000	Flamesprayer
18100100	Flamesprayer +1
18100200	Flamesprayer +2
18100300	Flamesprayer +3
18100400	Flamesprayer +4
18100500	Flamesprayer +5
18100600	Flamesprayer +6
18100700	Flamesprayer +7
18100800	Flamesprayer +8
18100900	Flamesprayer +9
18101000	Flamesprayer +10
18190000	*
19000000	Wooden Shield
19000100	Wooden Shield +1
19000200	Wooden Shield +2
19000300	Wooden Shield +3
19000400	Wooden Shield +4
19000500	Wooden Shield +5
19000600	Wooden Shield +6
19000700	Wooden Shield +7
19000800	Wooden Shield +8
19000900	Wooden Shield +9
19001000	Wooden Shield +10
19090000	*
19100000	Loch Shield
19100100	Loch Shield +1
19100200	Loch Shield +2
19100300	Loch Shield +3
19100400	Loch Shield +4
19100500	Loch Shield +5
19100600	Loch Shield +6
19100700	Loch Shield +7
19100800	Loch Shield +8
19100900	Loch Shield +9
19101000	Loch Shield +10
19190000	
20000000	Hunter's Torch
20000100	Hunter's Torch +1
20000200	Hunter's Torch +2
20000300	Hunter's Torch +3
20000400	Hunter's Torch +4
20000500	Hunter's Torch +5
20000600	Hunter's Torch +6
20000700	Hunter's Torch +7
20000800	Hunter's Torch +8
20000900	Hunter's Torch +9
20001000	Hunter's Torch +10
20090000	*
20090100	*
20100000	Torch
20100100	Torch +1
20100200	Torch +2
20100300	Torch +3
20100400	Torch +4
20100500	Torch +5
20100600	Torch +6
20100700	Torch +7
20100800	Torch +8
20100900	Torch +9
20101000	Torch +10
22000000	Threaded Cane
22000100	Threaded Cane +1
22000200	Threaded Cane +2
22000300	Threaded Cane +3
22000400	Threaded Cane +4
22000500	Threaded Cane +5
22000600	Threaded Cane +6
22000700	Threaded Cane +7
22000800	Threaded Cane +8
22000900	Threaded Cane +9
22001000	Threaded Cane +10
22010000	Uncanny Threaded Cane
22010100	Uncanny Threaded Cane +1
22010200	Uncanny Threaded Cane +2
22010300	Uncanny Threaded Cane +3
22010400	Uncanny Threaded Cane +4
22010500	Uncanny Threaded Cane +5
22010600	Uncanny Threaded Cane +6
22010700	Uncanny Threaded Cane +7
22010800	Uncanny Threaded Cane +8
22010900	Uncanny Threaded Cane +9
22011000	Uncanny Threaded Cane +10
22020000	Lost Threaded Cane
22020100	Lost Threaded Cane +1
22020200	Lost Threaded Cane +2
22020300	Lost Threaded Cane +3
22020400	Lost Threaded Cane +4
22020500	Lost Threaded Cane +5
22020600	Lost Threaded Cane +6
22020700	Lost Threaded Cane +7
22020800	Lost Threaded Cane +8
22020900	Lost Threaded Cane +9
22021000	Lost Threaded Cane +10
22030000	*
22030100	*
22030200	*
22030300	*
22030400	*
22030500	*
22030600	*
22030700	*
22030800	*
22030900	*
22031000	*
22090000	*
23000000	Beasthunter Saif
23000100	Beasthunter Saif +1
23000200	Beasthunter Saif +2
23000300	Beasthunter Saif +3
23000400	Beasthunter Saif +4
23000500	Beasthunter Saif +5
23000600	Beasthunter Saif +6
23000700	Beasthunter Saif +7
23000800	Beasthunter Saif +8
23000900	Beasthunter Saif +9
23001000	Beasthunter Saif +10
23010000	Uncanny Beasthunter Saif
23010100	Uncanny Beasthunter Saif +1
23010200	Uncanny Beasthunter Saif +2
23010300	Uncanny Beasthunter Saif +3
23010400	Uncanny Beasthunter Saif +4
23010500	Uncanny Beasthunter Saif +5
23010600	Uncanny Beasthunter Saif +6
23010700	Uncanny Beasthunter Saif +7
23010800	Uncanny Beasthunter Saif +8
23010900	Uncanny Beasthunter Saif +9
23011000	Uncanny Beasthunter Saif +10
23020000	Lost Beasthunter Saif
23020100	Lost Beasthunter Saif +1
23020200	Lost Beasthunter Saif +2
23020300	Lost Beasthunter Saif +3
23020400	Lost Beasthunter Saif +4
23020500	Lost Beasthunter Saif +5
23020600	Lost Beasthunter Saif +6
23020700	Lost Beasthunter Saif +7
23020800	Lost Beasthunter Saif +8
23020900	Lost Beasthunter Saif +9
23021000	Lost Beasthunter Saif +10
23030000	
23030100	
23030200	
23030300	
23030400	
23030500	
23030600	
23030700	
23030800	
23030900	
23031000	
23090000	
23099000	
24000000	Beast Cutter
24000100	Beast Cutter +1
24000200	Beast Cutter +2
24000300	Beast Cutter +3
24000400	Beast Cutter +4
24000500	Beast Cutter +5
24000600	Beast Cutter +6
24000700	Beast Cutter +7
24000800	Beast Cutter +8
24000900	Beast Cutter +9
24001000	Beast Cutter +10
24010000	Uncanny Beast Cutter
24010100	Uncanny Beast Cutter +1
24010200	Uncanny Beast Cutter +2
24010300	Uncanny Beast Cutter +3
24010400	Uncanny Beast Cutter +4
24010500	Uncanny Beast Cutter +5
24010600	Uncanny Beast Cutter +6
24010700	Uncanny Beast Cutter +7
24010800	Uncanny Beast Cutter +8
24010900	Uncanny Beast Cutter +9
24011000	Uncanny Beast Cutter +10
24020000	Lost Beast Cutter
24020100	Lost Beast Cutter +1
24020200	Lost Beast Cutter +2
24020300	Lost Beast Cutter +3
24020400	Lost Beast Cutter +4
24020500	Lost Beast Cutter +5
24020600	Lost Beast Cutter +6
24020700	Lost Beast Cutter +7
24020800	Lost Beast Cutter +8
24020900	Lost Beast Cutter +9
24021000	Lost Beast Cutter +10
24030000	
24030100	
24030200	
24030300	
24030400	
24030500	
24030600	
24030700	
24030800	
24030900	
24031000	
24090000	
24099000	
25000000	Amygdalan Arm
25000100	Amygdalan Arm +1
25000200	Amygdalan Arm +2
25000300	Amygdalan Arm +3
25000400	Amygdalan Arm +4
25000500	Amygdalan Arm +5
25000600	Amygdalan Arm +6
25000700	Amygdalan Arm +7
25000800	Amygdalan Arm +8
25000900	Amygdalan Arm +9
25001000	Amygdalan Arm +10
25010000	Uncanny Amygdalan Arm
25010100	Uncanny Amygdalan Arm +1
25010200	Uncanny Amygdalan Arm +2
25010300	Uncanny Amygdalan Arm +3
25010400	Uncanny Amygdalan Arm +4
25010500	Uncanny Amygdalan Arm +5
25010600	Uncanny Amygdalan Arm +6
25010700	Uncanny Amygdalan Arm +7
25010800	Uncanny Amygdalan Arm +8
25010900	Uncanny Amygdalan Arm +9
25011000	Uncanny Amygdalan Arm +10
25020000	Lost Amygdalan Arm
25020100	Lost Amygdalan Arm +1
25020200	Lost Amygdalan Arm +2
25020300	Lost Amygdalan Arm +3
25020400	Lost Amygdalan Arm +4
25020500	Lost Amygdalan Arm +5
25020600	Lost Amygdalan Arm +6
25020700	Lost Amygdalan Arm +7
25020800	Lost Amygdalan Arm +8
25020900	Lost Amygdalan Arm +9
25021000	Lost Amygdalan Arm +10
25030000	
25030100	
25030200	
25030300	
25030400	
25030500	
25030600	
25030700	
25030800	
25030900	
25031000	
25090000	
25099000	
26000000	Holy Moonlight Sword
26000100	Holy Moonlight Sword +1
26000200	Holy Moonlight Sword +2
26000300	Holy Moonlight Sword +3
26000400	Holy Moonlight Sword +4
26000500	Holy Moonlight Sword +5
26000600	Holy Moonlight Sword +6
26000700	Holy Moonlight Sword +7
26000800	Holy Moonlight Sword +8
26000900	Holy Moonlight Sword +9
26001000	Holy Moonlight Sword +10
26010000	Uncanny Holy Moonlight Sword
26010100	Uncanny Holy Moonlight Sword +1
26010200	Uncanny Holy Moonlight Sword +2
26010300	Uncanny Holy Moonlight Sword +3
26010400	Uncanny Holy Moonlight Sword +4
26010500	Uncanny Holy Moonlight Sword +5
26010600	Uncanny Holy Moonlight Sword +6
26010700	Uncanny Holy Moonlight Sword +7
26010800	Uncanny Holy Moonlight Sword +8
26010900	Uncanny Holy Moonlight Sword +9
26011000	Uncanny Holy Moonlight Sword +10
26020000	Lost Holy Moonlight Sword
26020100	Lost Holy Moonlight Sword +1
26020200	Lost Holy Moonlight Sword +2
26020300	Lost Holy Moonlight Sword +3
26020400	Lost Holy Moonlight Sword +4
26020500	Lost Holy Moonlight Sword +5
26020600	Lost Holy Moonlight Sword +6
26020700	Lost Holy Moonlight Sword +7
26020800	Lost Holy Moonlight Sword +8
26020900	Lost Holy Moonlight Sword +9
26021000	Lost Holy Moonlight Sword +10
26030000	
26030100	
26030200	
26030300	
26030400	
26030500	
26030600	
26030700	
26030800	
26030900	
26031000	
26090000	
26099000	
27000000	Rakuyo
27000100	Rakuyo +1
27000200	Rakuyo +2
27000300	Rakuyo +3
27000400	Rakuyo +4
27000500	Rakuyo +5
27000600	Rakuyo +6
27000700	Rakuyo +7
27000800	Rakuyo +8
27000900	Rakuyo +9
27001000	Rakuyo +10
27010000	Uncanny Rakuyo
27010100	Uncanny Rakuyo +1
27010200	Uncanny Rakuyo +2
27010300	Uncanny Rakuyo +3
27010400	Uncanny Rakuyo +4
27010500	Uncanny Rakuyo +5
27010600	Uncanny Rakuyo +6
27010700	Uncanny Rakuyo +7
27010800	Uncanny Rakuyo +8
27010900	Uncanny Rakuyo +9
27011000	Uncanny Rakuyo +10
27020000	Lost Rakuyo
27020100	Lost Rakuyo +1
27020200	Lost Rakuyo +2
27020300	Lost Rakuyo +3
27020400	Lost Rakuyo +4
27020500	Lost Rakuyo +5
27020600	Lost Rakuyo +6
27020700	Lost Rakuyo +7
27020800	Lost Rakuyo +8
27020900	Lost Rakuyo +9
27021000	Lost Rakuyo +10
27030000	
27030100	
27030200	
27030300	
27030400	
27030500	
27030600	
27030700	
27030800	
27030900	
27031000	
27090000	
27099000	
28000000	Boom Hammer
28000100	Boom Hammer +1
28000200	Boom Hammer +2
28000300	Boom Hammer +3
28000400	Boom Hammer +4
28000500	Boom Hammer +5
28000600	Boom Hammer +6
28000700	Boom Hammer +7
28000800	Boom Hammer +8
28000900	Boom Hammer +9
28001000	Boom Hammer +10
28010000	Uncanny Boom Hammer
28010100	Uncanny Boom Hammer +1
28010200	Uncanny Boom Hammer +2
28010300	Uncanny Boom Hammer +3
28010400	Uncanny Boom Hammer +4
28010500	Uncanny Boom Hammer +5
28010600	Uncanny Boom Hammer +6
28010700	Uncanny Boom Hammer +7
28010800	Uncanny Boom Hammer +8
28010900	Uncanny Boom Hammer +9
28011000	Uncanny Boom Hammer +10
28020000	Lost Boom Hammer
28020100	Lost Boom Hammer +1
28020200	Lost Boom Hammer +2
28020300	Lost Boom Hammer +3
28020400	Lost Boom Hammer +4
28020500	Lost Boom Hammer +5
28020600	Lost Boom Hammer +6
28020700	Lost Boom Hammer +7
28020800	Lost Boom Hammer +8
28020900	Lost Boom Hammer +9
28021000	Lost Boom Hammer +10
28030000	
28030100	
28030200	
28030300	
28030400	
28030500	
28030600	
28030700	
28030800	
28030900	
28031000	
28090000	
28099000	
29000000	Bloodletter
29000100	Bloodletter +1
29000200	Bloodletter +2
29000300	Bloodletter +3
29000400	Bloodletter +4
29000500	Bloodletter +5
29000600	Bloodletter +6
29000700	Bloodletter +7
29000800	Bloodletter +8
29000900	Bloodletter +9
29001000	Bloodletter +10
29010000	Uncanny Bloodletter
29010100	Uncanny Bloodletter +1
29010200	Uncanny Bloodletter +2
29010300	Uncanny Bloodletter +3
29010400	Uncanny Bloodletter +4
29010500	Uncanny Bloodletter +5
29010600	Uncanny Bloodletter +6
29010700	Uncanny Bloodletter +7
29010800	Uncanny Bloodletter +8
29010900	Uncanny Bloodletter +9
29011000	Uncanny Bloodletter +10
29020000	Lost Bloodletter
29020100	Lost Bloodletter +1
29020200	Lost Bloodletter +2
29020300	Lost Bloodletter +3
29020400	Lost Bloodletter +4
29020500	Lost Bloodletter +5
29020600	Lost Bloodletter +6
29020700	Lost Bloodletter +7
29020800	Lost Bloodletter +8
29020900	Lost Bloodletter +9
29021000	Lost Bloodletter +10
29030000	
29030100	
29030200	
29030300	
29030400	
29030500	
29030600	
29030700	
29030800	
29030900	
29031000	
29090000	
29099000	
30000000	Church Pick
30000100	Church Pick +1
30000200	Church Pick +2
30000300	Church Pick +3
30000400	Church Pick +4
30000500	Church Pick +5
30000600	Church Pick +6
30000700	Church Pick +7
30000800	Church Pick +8
30000900	Church Pick +9
30001000	Church Pick +10
30010000	Uncanny Church Pick
30010100	Uncanny Church Pick +1
30010200	Uncanny Church Pick +2
30010300	Uncanny Church Pick +3
30010400	Uncanny Church Pick +4
30010500	Uncanny Church Pick +5
30010600	Uncanny Church Pick +6
30010700	Uncanny Church Pick +7
30010800	Uncanny Church Pick +8
30010900	Uncanny Church Pick +9
30011000	Uncanny Church Pick +10
30020000	Lost Church Pick
30020100	Lost Church Pick +1
30020200	Lost Church Pick +2
30020300	Lost Church Pick +3
30020400	Lost Church Pick +4
30020500	Lost Church Pick +5
30020600	Lost Church Pick +6
30020700	Lost Church Pick +7
30020800	Lost Church Pick +8
30020900	Lost Church Pick +9
30021000	Lost Church Pick +10
30030000	
30030100	
30030200	
30030300	
30030400	
30030500	
30030600	
30030700	
30030800	
30030900	
30031000	
30090000	
30099000	
31000000	Whirligig Saw
31000100	Whirligig Saw +1
31000200	Whirligig Saw +2
31000300	Whirligig Saw +3
31000400	Whirligig Saw +4
31000500	Whirligig Saw +5
31000600	Whirligig Saw +6
31000700	Whirligig Saw +7
31000800	Whirligig Saw +8
31000900	Whirligig Saw +9
31001000	Whirligig Saw +10
31010000	Uncanny Whirligig Saw
31010100	Uncanny Whirligig Saw +1
31010200	Uncanny Whirligig Saw +2
31010300	Uncanny Whirligig Saw +3
31010400	Uncanny Whirligig Saw +4
31010500	Uncanny Whirligig Saw +5
31010600	Uncanny Whirligig Saw +6
31010700	Uncanny Whirligig Saw +7
31010800	Uncanny Whirligig Saw +8
31010900	Uncanny Whirligig Saw +9
31011000	Uncanny Whirligig Saw +10
31020000	Lost Whirligig Saw
31020100	Lost Whirligig Saw +1
31020200	Lost Whirligig Saw +2
31020300	Lost Whirligig Saw +3
31020400	Lost Whirligig Saw +4
31020500	Lost Whirligig Saw +5
31020600	Lost Whirligig Saw +6
31020700	Lost Whirligig Saw +7
31020800	Lost Whirligig Saw +8
31020900	Lost Whirligig Saw +9
31021000	Lost Whirligig Saw +10
31030000	
31030100	
31030200	
31030300	
31030400	
31030500	
31030600	
31030700	
31030800	
31030900	
31031000	
31090000	
31099000	
32000000	Simon's Bowblade
32000100	Simon's Bowblade +1
32000200	Simon's Bowblade +2
32000300	Simon's Bowblade +3
32000400	Simon's Bowblade +4
32000500	Simon's Bowblade +5
32000600	Simon's Bowblade +6
32000700	Simon's Bowblade +7
32000800	Simon's Bowblade +8
32000900	Simon's Bowblade +9
32001000	Simon's Bowblade +10
32010000	Uncanny Bowblade
32010100	Uncanny Bowblade +1
32010200	Uncanny Bowblade +2
32010300	Uncanny Bowblade +3
32010400	Uncanny Bowblade +4
32010500	Uncanny Bowblade +5
32010600	Uncanny Bowblade +6
32010700	Uncanny Bowblade +7
32010800	Uncanny Bowblade +8
32010900	Uncanny Bowblade +9
32011000	Uncanny Bowblade +10
32020000	Lost Bowblade
32020100	Lost Bowblade +1
32020200	Lost Bowblade +2
32020300	Lost Bowblade +3
32020400	Lost Bowblade +4
32020500	Lost Bowblade +5
32020600	Lost Bowblade +6
32020700	Lost Bowblade +7
32020800	Lost Bowblade +8
32020900	Lost Bowblade +9
32021000	Lost Bowblade +10
32030000	
32030100	
32030200	
32030300	
32030400	
32030500	
32030600	
32030700	
32030800	
32030900	
32031000	
32090000	
32099000	
33000000	Gatling Gun
33000100	Gatling Gun +1
33000200	Gatling Gun +2
33000300	Gatling Gun +3
33000400	Gatling Gun +4
33000500	Gatling Gun +5
33000600	Gatling Gun +6
33000700	Gatling Gun +7
33000800	Gatling Gun +8
33000900	Gatling Gun +9
33001000	Gatling Gun +10
33090000	
33099000	
34000000	Fist of Gratia
34000100	Fist of Gratia +1
34000200	Fist of Gratia +2
34000300	Fist of Gratia +3
34000400	Fist of Gratia +4
34000500	Fist of Gratia +5
34000600	Fist of Gratia +6
34000700	Fist of Gratia +7
34000800	Fist of Gratia +8
34000900	Fist of Gratia +9
34001000	Fist of Gratia +10
34090000	
34099000	
35000000	Church Cannon
35000100	Church Cannon +1
35000200	Church Cannon +2
35000300	Church Cannon +3
35000400	Church Cannon +4
35000500	Church Cannon +5
35000600	Church Cannon +6
35000700	Church Cannon +7
35000800	Church Cannon +8
35000900	Church Cannon +9
35001000	Church Cannon +10
35090000	
35099000	
36000000	Piercing Rifle
36000100	Piercing Rifle +1
36000200	Piercing Rifle +2
36000300	Piercing Rifle +3
36000400	Piercing Rifle +4
36000500	Piercing Rifle +5
36000600	Piercing Rifle +6
36000700	Piercing Rifle +7
36000800	Piercing Rifle +8
36000900	Piercing Rifle +9
36001000	Piercing Rifle +10
36090000	
36099000	
37000000	
37000100	
37000200	
37000300	
37000400	
37000500	
37000600	
37000700	
37000800	
37000900	
37001000	
37090000	
38000000	Kos Parasite
38000100	Kos Parasite +1
38000200	Kos Parasite +2
38000300	Kos Parasite +3
38000400	Kos Parasite +4
38000500	Kos Parasite +5
38000600	Kos Parasite +6
38000700	Kos Parasite +7
38000800	Kos Parasite +8
38000900	Kos Parasite +9
38001000	Kos Parasite +10
38010000	Uncanny Parasite
38010100	Uncanny Parasite +1
38010200	Uncanny Parasite +2
38010300	Uncanny Parasite +3
38010400	Uncanny Parasite +4
38010500	Uncanny Parasite +5
38010600	Uncanny Parasite +6
38010700	Uncanny Parasite +7
38010800	Uncanny Parasite +8
38010900	Uncanny Parasite +9
38011000	Uncanny Parasite +10
38020000	Lost Parasite
38020100	Lost Parasite +1
38020200	Lost Parasite +2
38020300	Lost Parasite +3
38020400	Lost Parasite +4
38020500	Lost Parasite +5
38020600	Lost Parasite +6
38020700	Lost Parasite +7
38020800	Lost Parasite +8
38020900	Lost Parasite +9
38021000	Lost Parasite +10
38030000	
38030100	
38030200	
38030300	
38030400	
38030500	
38030600	
38030700	
38030800	
38030900	
38031000	
38090000	
